"0",""
"0","# Save TOPSIS results"
"0","sf::st_write(tn_sites_ranked, ""/Users/kenziethomson/Library/CloudStorage/OneDrive-UBC/RA/SolarModel_Guide/data/topsis/thompson_nicola_topsis_rankings.shp"")"
"1","Layer "
"1","thompson_nicola_topsis_rankings"
"1"," in dataset "
"1","/Users/kenziethomson/Library/CloudStorage/OneDrive-UBC/RA/SolarModel_Guide/data/topsis/thompson_nicola_topsis_rankings.shp"
"1"," already exists:
"
"1","use either append=TRUE to append to layer or append=FALSE to overwrite layer"
"1","
"
"2","Error: Dataset already exists.
"
